id,title,authors,venue,year,citationCount,referenceCount,influentialCitationCount,doi,url
c8efcc854d97dfc2a42b83316a2109f9d166e43f,Self-Attention with Relative Position Representations,Peter Shaw; J. Uszkoreit; Ashish Vaswani,North American Chapter of the Association for Computational Linguistics,2018,2954,14,268,10.18653/v1/N18-2074,https://www.semanticscholar.org/paper/c8efcc854d97dfc2a42b83316a2109f9d166e43f
b626754a0fd7de12c87e88165b2484ac5d98212a,Decoupling Strategy and Generation in Negotiation Dialogues,He He; Derek Chen; Anusha Balakrishnan; Percy Liang,Conference on Empirical Methods in Natural Language Processing,2018,266,34,48,10.18653/v1/D18-1256,https://www.semanticscholar.org/paper/b626754a0fd7de12c87e88165b2484ac5d98212a
cabb0a468af8184e0e930841435b65679b580521,Numeral Understanding in Financial Tweets for Fine-Grained Crowd-Based Forecasting,Chung-Chi Chen; Hen-Hsen Huang; Yow-Ting Shiue; Hsin-Hsi Chen,International Conference on Wirtschaftsinformatik,2018,49,22,3,10.1109/WI.2018.00-97,https://www.semanticscholar.org/paper/cabb0a468af8184e0e930841435b65679b580521
81b4920ad488affaee27389ff9540b7fea90a4ce,“Going on a vacation” takes longer than “Going for a walk”: A Study of Temporal Commonsense Understanding,Ben Zhou; Daniel Khashabi; Qiang Ning; Dan Roth,Conference on Empirical Methods in Natural Language Processing,2019,243,36,37,10.18653/v1/D19-1332,https://www.semanticscholar.org/paper/81b4920ad488affaee27389ff9540b7fea90a4ce
dfba20af7aacd819e7b22cf2bf189cd7af9da0a1,Enhancing the Transformer with Explicit Relational Encoding for Math Problem Solving,Imanol Schlag; P. Smolensky; Roland Fernandez; N. Jojic; Jürgen Schmidhuber; Jianfeng Gao,arXiv.org,2019,62,29,3,,https://www.semanticscholar.org/paper/dfba20af7aacd819e7b22cf2bf189cd7af9da0a1
5e0cffc51e8b64a8f11326f955fa4b4f1803e3be,oLMpics-On What Language Model Pre-training Captures,Alon Talmor; Yanai Elazar; Yoav Goldberg; Jonathan Berant,Transactions of the Association for Computational Linguistics,2019,318,63,31,10.1162/tacl_a_00342,https://www.semanticscholar.org/paper/5e0cffc51e8b64a8f11326f955fa4b4f1803e3be
e081dfa64e5ed12fe15fc885ec82ef1f35ab9830,iNALU: Improved Neural Arithmetic Logic Unit,Daniel Schlör; Markus Ring; A. Hotho,Frontiers in Artificial Intelligence,2020,18,20,0,10.3389/frai.2020.00071,https://www.semanticscholar.org/paper/e081dfa64e5ed12fe15fc885ec82ef1f35ab9830
716efab73e1916fdc2a23727b581d200271ed499,BERT in Negotiations: Early Prediction of Buyer-Seller Negotiation Outcomes,Kushal Chawla; Gale M. Lucas; J. Gratch; Jonathan May,arXiv.org,2020,6,15,0,,https://www.semanticscholar.org/paper/716efab73e1916fdc2a23727b581d200271ed499
4599f96dd1a2584e00d342953fc7e1361ffd6e1f,Neural Status Registers,Lukas Faber; Roger Wattenhofer,International Conference on Machine Learning,2020,9,57,1,,https://www.semanticscholar.org/paper/4599f96dd1a2584e00d342953fc7e1361ffd6e1f
45e5d7637a585a87d967a4a357d17c5d89aecea2,A Formal Hierarchy of RNN Architectures,William Merrill; Gail Weiss; Yoav Goldberg; Roy Schwartz; Noah A. Smith; Eran Yahav,Annual Meeting of the Association for Computational Linguistics,2020,102,30,6,10.18653/v1/2020.acl-main.43,https://www.semanticscholar.org/paper/45e5d7637a585a87d967a4a357d17c5d89aecea2
8a5590978930070f50c5f9fbf61f67e5d95794f0,Machine Number Sense: A Dataset of Visual Arithmetic Problems for Abstract and Relational Reasoning,Wenhe Zhang; Chi Zhang; Yixin Zhu; Song-Chun Zhu,AAAI Conference on Artificial Intelligence,2020,33,60,3,10.1609/AAAI.V34I02.5489,https://www.semanticscholar.org/paper/8a5590978930070f50c5f9fbf61f67e5d95794f0
36d6c8895bbc755964b8b2136c6fd6087a7af089,TORQUE: A Reading Comprehension Dataset of Temporal Ordering Questions,Qiang Ning; Hao Wu; Rujun Han; Nanyun Peng; Matt Gardner; Dan Roth,Conference on Empirical Methods in Natural Language Processing,2020,128,51,16,10.18653/v1/2020.emnlp-main.88,https://www.semanticscholar.org/paper/36d6c8895bbc755964b8b2136c6fd6087a7af089
016760dc4a05489ddf5dbb48aecbb49e214e1b71,Birds Have Four Legs?! NumerSense: Probing Numerical Commonsense Knowledge of Pre-trained Language Models,Bill Yuchen Lin; Seyeon Lee; Rahul Khanna; Xiang Ren,Conference on Empirical Methods in Natural Language Processing,2020,169,32,12,10.18653/v1/2020.emnlp-main.557,https://www.semanticscholar.org/paper/016760dc4a05489ddf5dbb48aecbb49e214e1b71
72e6b14c081ad3e6a1c295b60e5c834837e6b304,Towards Question Format Independent Numerical Reasoning: A Set of Prerequisite Tasks,Swaroop Mishra; Arindam Mitra; Neeraj Varshney; Bhavdeep Singh Sachdeva; Chitta Baral,arXiv.org,2020,14,46,1,,https://www.semanticscholar.org/paper/72e6b14c081ad3e6a1c295b60e5c834837e6b304
0bfd4ed399054eae26c3cdaabc0aed80ca95e125,Neural Power Units,Niklas Heim; Tomáš Pevný; Václav Šmídl,Neural Information Processing Systems,2020,14,25,3,,https://www.semanticscholar.org/paper/0bfd4ed399054eae26c3cdaabc0aed80ca95e125
0c7f81e26ae77b4be5e5e6ab96641effe219ab1c,Probing for Multilingual Numerical Understanding in Transformer-Based Language Models,Devin J. Johnson; Denise Mak; Andrew Barker; Lexi Loessberg-Zahl,BlackboxNLP Workshop on Analyzing and Interpreting Neural Networks for NLP,2020,18,8,1,10.18653/v1/2020.blackboxnlp-1.18,https://www.semanticscholar.org/paper/0c7f81e26ae77b4be5e5e6ab96641effe219ab1c
57d1e7ac339e783898f2c3b1af55737cbeee9fc5,Measuring Mathematical Problem Solving With the MATH Dataset,Dan Hendrycks; Collin Burns; Saurav Kadavath; Akul Arora; Steven Basart; Eric Tang; D. Song; Jacob Steinhardt,NeurIPS Datasets and Benchmarks,2021,6725,71,1526,,https://www.semanticscholar.org/paper/57d1e7ac339e783898f2c3b1af55737cbeee9fc5
13c4e5a6122f3fa2663f63e49537091da6532f35,Are NLP Models really able to Solve Simple Math Word Problems?,Arkil Patel; S. Bhattamishra; Navin Goyal,North American Chapter of the Association for Computational Linguistics,2021,1374,28,277,10.18653/V1/2021.NAACL-MAIN.168,https://www.semanticscholar.org/paper/13c4e5a6122f3fa2663f63e49537091da6532f35
3dd61d97827e3f380bf9304101149a3f865051fc,Injecting Numerical Reasoning Skills into Language Models,Mor Geva; Ankit Gupta; Jonathan Berant,Annual Meeting of the Association for Computational Linguistics,2020,250,35,25,10.18653/v1/2020.acl-main.89,https://www.semanticscholar.org/paper/3dd61d97827e3f380bf9304101149a3f865051fc
28a5a53dafacebad8a7c47773079caeffb9a5baa,Representing Numbers in NLP: a Survey and a Vision,Avijit Thawani; J. Pujara; Pedro A. Szekely; Filip Ilievski,North American Chapter of the Association for Computational Linguistics,2021,153,70,8,10.18653/V1/2021.NAACL-MAIN.53,https://www.semanticscholar.org/paper/28a5a53dafacebad8a7c47773079caeffb9a5baa
0427110f0e79f41e69a8eb00a3ec8868bac26a4f,Do NLP Models Know Numbers? Probing Numeracy in Embeddings,Eric Wallace; Yizhong Wang; Sujian Li; Sameer Singh; Matt Gardner,Conference on Empirical Methods in Natural Language Processing,2019,327,30,37,10.18653/v1/D19-1534,https://www.semanticscholar.org/paper/0427110f0e79f41e69a8eb00a3ec8868bac26a4f
dda6fb309f62e2557a071522354d8c2c897a2805,DROP: A Reading Comprehension Benchmark Requiring Discrete Reasoning Over Paragraphs,Dheeru Dua; Yizhong Wang; Pradeep Dasigi; Gabriel Stanovsky; Sameer Singh; Matt Gardner,North American Chapter of the Association for Computational Linguistics,2019,1402,54,237,10.18653/v1/N19-1246,https://www.semanticscholar.org/paper/dda6fb309f62e2557a071522354d8c2c897a2805
afed6dc6900d3b37e528b9086661bba583d60bf6,Analysing Mathematical Reasoning Abilities of Neural Models,D. Saxton; Edward Grefenstette; F. Hill; Pushmeet Kohli,International Conference on Learning Representations,2019,540,32,53,,https://www.semanticscholar.org/paper/afed6dc6900d3b37e528b9086661bba583d60bf6
2cc3ab9fa41ba2804e301f7eae9598636e62422a,Investigating the Limitations of Transformers with Simple Arithmetic Tasks,Rodrigo Nogueira; Zhi-Ying Jiang; Jimmy Lin,,2021,169,49,15,,https://www.semanticscholar.org/paper/2cc3ab9fa41ba2804e301f7eae9598636e62422a
37588705a2af7d5b24d901dd33ade1ff293aabdd,Investigating Numeracy Learning Ability of a Text-to-Text Transfer Model,Kuntal Pal; Chitta Baral,Conference on Empirical Methods in Natural Language Processing,2021,22,18,1,10.18653/v1/2021.findings-emnlp.265,https://www.semanticscholar.org/paper/37588705a2af7d5b24d901dd33ade1ff293aabdd
112ac68ddb0f021517dd465e89918fa52755cc35,Measuring Arithmetic Extrapolation Performance,Andreas Madsen; alexander rosenberg johansen,Neural Information Processing Systems,2019,12,9,3,,https://www.semanticscholar.org/paper/112ac68ddb0f021517dd465e89918fa52755cc35
6f69e19348870552a7ab92d038c8b8d753fe6b60,Neural Arithmetic Expression Calculator,Kaiyu Chen; Yihan Dong; Xipeng Qiu; Zitian Chen,arXiv.org,2018,17,26,4,,https://www.semanticscholar.org/paper/6f69e19348870552a7ab92d038c8b8d753fe6b60
1eff94b44432a8e6af29288b8234494516579ad3,EQUATE: A Benchmark Evaluation Framework for Quantitative Reasoning in Natural Language Inference,Abhilasha Ravichander; Aakanksha Naik; C. Rosé; E. Hovy,Conference on Computational Natural Language Learning,2019,88,70,14,10.18653/v1/K19-1033,https://www.semanticscholar.org/paper/1eff94b44432a8e6af29288b8234494516579ad3
8eb9b2ea146e3a381a29b4a9314c36f61b71e367,Extracting Commonsense Properties from Embeddings with Limited Human Guidance,Yiben Yang; Larry Birnbaum; Ji-Ping Z. Wang; Doug Downey,Annual Meeting of the Association for Computational Linguistics,2018,22,14,3,10.18653/v1/P18-2102,https://www.semanticscholar.org/paper/8eb9b2ea146e3a381a29b4a9314c36f61b71e367
5fda196ca0039089181e7d8e22cc500cbea4c877,NUMCoT: Numerals and Units of Measurement in Chain-of-Thought Reasoning using Large Language Models,An-Cheng Xu; Minghuan Tan; Lei Wang; Min Yang; Rui-Feng Xu,Annual Meeting of the Association for Computational Linguistics,2024,1,38,0,10.48550/arXiv.2406.02864,https://www.semanticscholar.org/paper/5fda196ca0039089181e7d8e22cc500cbea4c877
c36277b67814e0a522e786a38e1768612b0e63f2,Exploring the Learning Mechanisms of Neural Division Modules,Bhumika Mistry; K. Farrahi; Jonathon S. Hare,Trans. Mach. Learn. Res.,2022,0,27,0,,https://www.semanticscholar.org/paper/c36277b67814e0a522e786a38e1768612b0e63f2
0e6e8274d0dcbc1c3c1ccdbd87f3e5d53fdf62b4,QA Dataset Explosion: A Taxonomy of NLP Resources for Question Answering and Reading Comprehension,Anna Rogers; Matt Gardner; Isabelle Augenstein,ACM Computing Surveys,2021,207,348,8,10.1145/3560260,https://www.semanticscholar.org/paper/0e6e8274d0dcbc1c3c1ccdbd87f3e5d53fdf62b4
d34e6c84119cef8eb9149a27d6b4903131407ea6,How Large Are Lions? Inducing Distributions over Quantitative Attributes,Yanai Elazar; A. Mahabal; Deepak Ramachandran; Tania Bedrax-Weiss; Dan Roth,Annual Meeting of the Association for Computational Linguistics,2019,63,30,2,10.18653/v1/P19-1388,https://www.semanticscholar.org/paper/d34e6c84119cef8eb9149a27d6b4903131407ea6
c9343c26a0e604f7afd94b7290bbdf8d96cd65b6,Predicting Numerals in Natural Language Text Using a Language Model Considering the Quantitative Aspects of Numerals,Taku Sakamoto; Akiko Aizawa,Workshop on Knowledge Extraction and Integration for Deep Learning Architectures; Deep Learning Inside Out,2021,5,25,0,10.18653/V1/2021.DEELIO-1.14,https://www.semanticscholar.org/paper/c9343c26a0e604f7afd94b7290bbdf8d96cd65b6
18cad1aa7a3f6e783183a5588e85a9dc3ba6ede6,Enhancing Quantitative Reasoning Skills of Large Language Models through Dimension Perception,Yuncheng Huang; Qi He; Jia-Qing Liang; Si-Hang Jiang; Yanghua Xiao; Yunwen Chen,IEEE International Conference on Data Engineering,2023,7,43,0,10.1109/ICDE60146.2024.00066,https://www.semanticscholar.org/paper/18cad1aa7a3f6e783183a5588e85a9dc3ba6ede6
ff8f3dfd9e2f4a92310999722abefab202935521,Do Language Models Understand Measurements?,Sungjin Park; Seung-kook Ryu; E. Choi,Conference on Empirical Methods in Natural Language Processing,2022,6,26,1,10.48550/arXiv.2210.12694,https://www.semanticscholar.org/paper/ff8f3dfd9e2f4a92310999722abefab202935521
eef7cfe8267954adbb4675576072a1d80ca7a3a8,MathQA: Towards Interpretable Math Word Problem Solving with Operation-Based Formalisms,Aida Amini; Saadia Gabriel; Shanchuan Lin; Rik Koncel-Kedziorski; Yejin Choi; Hannaneh Hajishirzi,North American Chapter of the Association for Computational Linguistics,2019,934,25,117,10.18653/v1/N19-1245,https://www.semanticscholar.org/paper/eef7cfe8267954adbb4675576072a1d80ca7a3a8
c9e55ef1b3362db711d95a928a28a8cbd0db3092,Number Cookbook: Number Understanding of Language Models and How to Improve It,Haotong Yang; Yi Hu; Shijia Kang; Zhou-Chen Lin; Mu-Han Zhang,International Conference on Learning Representations,2024,52,66,5,10.48550/arXiv.2411.03766,https://www.semanticscholar.org/paper/c9e55ef1b3362db711d95a928a28a8cbd0db3092
251a27e00b9838c8c315f0152cb52762db766aee,Visual sense of number vs. sense of magnitude in humans and machines,Alberto Testolin; S. Dolfi; Mathijs Rochus; M. Zorzi,Scientific Reports,2020,56,92,3,10.1038/s41598-020-66838-5,https://www.semanticscholar.org/paper/251a27e00b9838c8c315f0152cb52762db766aee
11bb73c6cdec9c5ce579194c26ad74c722e32f95,Numeracy-600K: Learning Numeracy for Detecting Exaggerated Information in Market Comments,Chung-Chi Chen; Hen-Hsen Huang; Hiroya Takamura; Hsin-Hsi Chen,Annual Meeting of the Association for Computational Linguistics,2019,51,16,7,10.18653/v1/P19-1635,https://www.semanticscholar.org/paper/11bb73c6cdec9c5ce579194c26ad74c722e32f95
d5fcad8a3b183642fcf609519a4dbbda9c3541ff,Learning Numeral Embedding,Chengyue Jiang; Zhonglin Nian; Kaihao Guo; Shanbo Chu; Yinggong Zhao; Libin Shen; Kewei Tu,Findings,2019,28,43,5,10.18653/v1/2020.findings-emnlp.235,https://www.semanticscholar.org/paper/d5fcad8a3b183642fcf609519a4dbbda9c3541ff
5f277d2605a272c321615373254097939aae4fac,“When Numbers Matter!”: Detecting Sarcasm in Numerical Portions of Text,Abhijeet Dubey; Lakshya Kumar; Arpan Somani; Aditya Joshi; P. Bhattacharyya,WASSA@NAACL-HLT,2019,23,30,3,10.18653/v1/W19-1309,https://www.semanticscholar.org/paper/5f277d2605a272c321615373254097939aae4fac
da4fc448a81ca207609e78bced9a02a10f75866e,SemEval-2018 Task 5: Counting Events and Participants in the Long Tail,Marten Postma; Filip Ilievski; P. Vossen,International Workshop on Semantic Evaluation,2018,19,28,1,10.18653/v1/S18-1009,https://www.semanticscholar.org/paper/da4fc448a81ca207609e78bced9a02a10f75866e
0ee09a9f7c586b703650f9a189668366f619b9e2,A Fact-aligned Corpus of Numerical Expressions,Sandra Williams; R. Power,International Conference on Language Resources and Evaluation,2010,2,12,0,10.63317/2ua93xmdk8zw,https://www.semanticscholar.org/paper/0ee09a9f7c586b703650f9a189668366f619b9e2
01034e5d9539f208a2e848fc5fc65047b995ddc7,CONE: Embeddings for Complex Numerical Data Preserving Unit and Variable Semantics,Gyanendra Shrestha; Anna Pyayt; M. Gubanov,Proc. ACM Manag. Data,2026,0,84,0,10.1145/3802049,https://www.semanticscholar.org/paper/01034e5d9539f208a2e848fc5fc65047b995ddc7
d721b4b0d4400262c6e12a35e6ec7a3c962fd201,Efficient numeracy in language models through single-token number embeddings,Linus Kreitner; Paul Hager; Jonathan Mengedoht; G. Kaissis; D. Rueckert; M. Menten,arXiv.org,2025,7,80,1,10.48550/arXiv.2510.06824,https://www.semanticscholar.org/paper/d721b4b0d4400262c6e12a35e6ec7a3c962fd201
07830f55a9c892237b93ed30667a1a5bf9e9f50e,PyraMathBench: Evaluating and Improving Mathematical Capability in Large Language Models,Zetian Ouyang; Linlin Wang; Gerard de Melo; Liang He,Annual Meeting of the Association for Computational Linguistics,2026,0,47,0,10.18653/v1/2026.findings-acl.1869,https://www.semanticscholar.org/paper/07830f55a9c892237b93ed30667a1a5bf9e9f50e
78ac5f3860d4d1bac6abe0cc0ac876b8e8329875,Toten: A Knowledge-Based System For Structure-Preserving Representation Of Physical Quantities And Technical Notation In Brazilian Portuguese,Antonio de Sousa Leitão; Allan Kardec Duailibe Barros; Fabrício Saul Lima; Selby Mykael Lima dos Santos; Rejani Bandeira Vieira Sousa,arXiv.org,2026,0,54,0,10.48550/arXiv.2606.19626,https://www.semanticscholar.org/paper/78ac5f3860d4d1bac6abe0cc0ac876b8e8329875
5d8cc0a280f58ccf4215ffe4f7900c84383035e4,NumColBERT: Non-Intrusive Numeracy Injection for Late-Interaction Retrieval Models,Haruki Fujimaki; Makoto P. Kato,Annual International ACM SIGIR Conference on Research and Development in Information Retrieval,2026,0,40,0,10.1145/3805712.3809688,https://www.semanticscholar.org/paper/5d8cc0a280f58ccf4215ffe4f7900c84383035e4
5bc3af2c542f1b7e7498cfac50fcfce082baa892,Variable-length Gray codes for the Natural Numbers,Ezequiel López-Rubio,arXiv.org,2026,0,21,0,10.48550/arXiv.2607.16088,https://www.semanticscholar.org/paper/5bc3af2c542f1b7e7498cfac50fcfce082baa892
f8830fe86cf9be2917c30d4abbded6039f6f741f,Numeracy in Large Language Models: Fundamental Limitations and Paths to Improvement,Ao-Xin Ni,,2026,2,44,0,,https://www.semanticscholar.org/paper/f8830fe86cf9be2917c30d4abbded6039f6f741f
237f772a8fb1a4ba69634a1f3c691cc182ab316b,LogiNumSynth: Synthesizing Joint Logical-Numerical Reasoning Problems for Language Models,Yiwei Liu; Yuchen Li; Xiao Li; Gong Cheng,arXiv.org,2025,2,61,0,10.48550/arXiv.2510.11031,https://www.semanticscholar.org/paper/237f772a8fb1a4ba69634a1f3c691cc182ab316b
29c8b567b865ff5e854c106a3ff1e24270bc1908,GenBERTplus : A New Approach to Numeracy in Natural Language Processing,Shuruthi Ajay; Vallidevi Krishnamurthy; Abhilasha Singh,Conference Information and Communication Technology,2025,0,35,0,10.1109/CICT67193.2025.11399104,https://www.semanticscholar.org/paper/29c8b567b865ff5e854c106a3ff1e24270bc1908
4701f3e330d468146dacdd538b58498cb1f7e130,Enhancing Numerical Prediction in LLMs via Smooth MMD Alignment,Zhuo Zuo; L. Yue; Wenhao Zheng; Chen-Peng Wang; Xiang-Gen Liu,arXiv.org,2026,0,34,0,10.48550/arXiv.2606.27731,https://www.semanticscholar.org/paper/4701f3e330d468146dacdd538b58498cb1f7e130
4eb8ac1f091befb9eebb60d5b80fdac5667fd758,Numeracy for Language Models: Evaluating and Improving their Ability to Predict Numbers,Georgios P. Spithourakis; Sebastian Riedel,Annual Meeting of the Association for Computational Linguistics,2018,99,75,11,10.18653/v1/P18-1196,https://www.semanticscholar.org/paper/4eb8ac1f091befb9eebb60d5b80fdac5667fd758
cd854d3d7a1231b1dfbbfa09a697ac064026be51,Can neural networks do arithmetic? A survey on the elementary numerical skills of state-of-the-art deep learning models,Alberto Testolin,Applied Sciences,2023,41,120,0,10.3390/app14020744,https://www.semanticscholar.org/paper/cd854d3d7a1231b1dfbbfa09a697ac064026be51
40a1f266bb5ca853837355bfff272a55f0049c81,Mining Numbers in Text: A Survey,Minoru Yoshida; Kenji Kita,Information Systems,2021,4,42,0,10.5772/INTECHOPEN.98540,https://www.semanticscholar.org/paper/40a1f266bb5ca853837355bfff272a55f0049c81
c77feebb06b530079a34f04c64de359ae28c0a32,Predicting Numerals in Text Using Nearest Neighbor Language Models,T. Sakamoto; Akiko Aizawa,Annual Meeting of the Association for Computational Linguistics,2023,1,32,0,10.18653/v1/2023.findings-acl.295,https://www.semanticscholar.org/paper/c77feebb06b530079a34f04c64de359ae28c0a32
24f09c1eb5d7b662bd53892f846600c5e0b66a6c,Masked Measurement Prediction: Learning to Jointly Predict Quantities and Units from Textual Context,Daniel M. Spokoyny; Ivan Lee; Zhao Jin; Taylor Berg-Kirkpatrick,NAACL-HLT,2021,10,32,0,10.18653/v1/2022.findings-naacl.2,https://www.semanticscholar.org/paper/24f09c1eb5d7b662bd53892f846600c5e0b66a6c
a5dde0a71fb0465d33b95496c4bb64914b3d62d9,Exploring Numeracy in Word Embeddings,Aakanksha Naik; Abhilasha Ravichander; C. Rosé; E. Hovy,Annual Meeting of the Association for Computational Linguistics,2019,66,36,6,10.18653/v1/P19-1329,https://www.semanticscholar.org/paper/a5dde0a71fb0465d33b95496c4bb64914b3d62d9
c9f343b492c170c726f607c255ec6c7177dc5800,Verb Physics: Relative Physical Knowledge of Actions and Objects,M. Forbes; Yejin Choi,Annual Meeting of the Association for Computational Linguistics,2017,88,40,9,10.18653/v1/P17-1025,https://www.semanticscholar.org/paper/c9f343b492c170c726f607c255ec6c7177dc5800
31699d03a49e38295298f1b1a53185644abba12e,Numeracy enhances the Literacy of Language Models,Avijit Thawani; J. Pujara; F. Ilievski,Conference on Empirical Methods in Natural Language Processing,2021,31,21,3,10.18653/v1/2021.emnlp-main.557,https://www.semanticscholar.org/paper/31699d03a49e38295298f1b1a53185644abba12e
d0d3536eb68ce4b1f3652c381bb6df830fdc270f,How to Leverage Digit Embeddings to Represent Numbers?,Jasivan Sivakumar; N. Moosavi,International Conference on Computational Linguistics,2024,8,42,0,10.48550/arXiv.2407.00894,https://www.semanticscholar.org/paper/d0d3536eb68ce4b1f3652c381bb6df830fdc270f
9352eeb45122bd6035d8a3000312868b9b6d76a9,Laying Anchors: Semantically Priming Numerals in Language Modeling,Mandar Sharma; Rutuja Murlidhar Taware; Pravesh Koirala; Nikhil Muralidhar; Naren Ramakrishnan,NAACL-HLT,2024,5,34,0,10.18653/v1/2024.findings-naacl.169,https://www.semanticscholar.org/paper/9352eeb45122bd6035d8a3000312868b9b6d76a9
be3a74f9f6010889d049060eab2a4b09eb48bbfb,The Value of Numbers in Clinical Text Classification,Kristian Miok; P. Corcoran; Irena Spasic,Machine Learning and Knowledge Extraction,2023,3,55,0,10.3390/make5030040,https://www.semanticscholar.org/paper/be3a74f9f6010889d049060eab2a4b09eb48bbfb
5be5619fc22300ef356ec4ef729d567ce7116c57,Exploring the Numerical Reasoning Capabilities of Language Models: A Comprehensive Analysis on Tabular Data,Mubashara Akhtar; Abhilash Shankarampeta; Vivek Gupta; Arpit Patil; Oana Cocarascu; E. Simperl,Conference on Empirical Methods in Natural Language Processing,2023,52,62,1,10.48550/arXiv.2311.02216,https://www.semanticscholar.org/paper/5be5619fc22300ef356ec4ef729d567ce7116c57
61ae65ce83a5e51022ad8a5dcfb77c0cd0c77805,Exploring Internal Numeracy in Language Models: A Case Study on ALBERT,Ulme Wennberg; G. Henter,MATHNLP,2024,1,31,0,10.48550/arXiv.2404.16574,https://www.semanticscholar.org/paper/61ae65ce83a5e51022ad8a5dcfb77c0cd0c77805
ffd5d435c9534cf7e4e6995cd9d6a888d317e2f9,Numerical Correlation in Text,Daniel M. Spokoyny; Chien-Sheng Wu; Cai-Ming Xiong,MATHNLP,2022,0,23,0,10.18653/v1/2022.mathnlp-1.5,https://www.semanticscholar.org/paper/ffd5d435c9534cf7e4e6995cd9d6a888d317e2f9
1ec4ae64ded99846bcd8a1a3b16fe2875f55c7c1,Overcoming Barriers to Skill Injection in Language Modeling: Case Study in Arithmetic,Mandar Sharma; Nikhil Muralidhar; Naren Ramakrishnan,arXiv.org,2022,6,28,0,10.48550/arXiv.2211.02098,https://www.semanticscholar.org/paper/1ec4ae64ded99846bcd8a1a3b16fe2875f55c7c1
58c7a31bf47948d936de937b1cf7b49463608557,NumGPT: Improving Numeracy Ability of Generative Pre-trained Models,Zhihua Jin; Xin Jiang; Xingbo Wang; Qun Liu; Yong Wang; Xiaozhe Ren; Hua-Min Qu,arXiv.org,2021,23,30,3,,https://www.semanticscholar.org/paper/58c7a31bf47948d936de937b1cf7b49463608557
31e76e4b186a51e5f7471d8c508a280a6c1f217d,Evaluating Numeracy of Language Models as a Natural Language Inference Task,Rahmad Mahendra; Damiano Spina; L. Cavedon; Karin M. Verspoor,North American Chapter of the Association for Computational Linguistics,2025,6,77,0,10.18653/v1/2025.findings-naacl.467,https://www.semanticscholar.org/paper/31e76e4b186a51e5f7471d8c508a280a6c1f217d
d6d1403e4ae95776e75e12378e675a82101cf33c,Enhancing Knowledge Bases with Quantity Facts,V. T. Ho; D. Stepanova; Dragan Milchevski; Jannik Strötgen; G. Weikum,The Web Conference,2022,10,48,0,10.1145/3485447.3511932,https://www.semanticscholar.org/paper/d6d1403e4ae95776e75e12378e675a82101cf33c
b042444e4e9501ab2fcae6b1f6b9d834146b3fc9,Do Language Embeddings capture Scales?,Xikun Zhang; Deepak Ramachandran; Ian Tenney; Yanai Elazar; Dan Roth,Findings,2020,100,20,9,10.18653/v1/2020.findings-emnlp.439,https://www.semanticscholar.org/paper/b042444e4e9501ab2fcae6b1f6b9d834146b3fc9
